modelo,pergunta,resposta,latencia_segundos,palavras_resposta,nota_qualidade_manual
deepseek-ai/DeepSeek-V4.1-Flash,Como fazer Download e Instalação do Aplicativo?,"Para baixar e instalar o aplicativo, siga um dos métodos abaixo, conforme o documento:

**Requisitos do celular:**
- Sistema operacional: Android 4.3 ou posterior, iOS 9.0 ou posterior.
- O celular deve ter acesso à Internet.
- O celular deve ser compatível com WLAN ou Bluetooth.

**Método 1:**
Pesquise **SolarGo** no Google Play (Android) ou na App Store (iOS) para baixar e instalar o aplicativo.

**Método 2:**
Digitalize o código QR indicado no documento para baixar e instalar o aplicativo.

O aplicativo em questão é o **SolarGo**.",7.19,87,
deepseek-ai/DeepSeek-V4.1-Flash,Como Desmontar o carregador?,"Com base no documento fornecido, **não há instruções específicas sobre como desmontar o carregador**. O contexto aborda apenas procedimentos de segurança, conexão elétrica, comissionamento e operação de carregamento.

No entanto, o documento menciona algumas precauções de segurança relevantes antes de qualquer intervenção no equipamento:

- **Desconecte o carregador e seus interruptores upstream** antes da instalação, manutenção e outras operações.
- **Desconecte o interruptor upstream antes da conexão elétrica.** Não trabalhe com ele ligado — caso contrário, pode ocorrer choque elétrico.
- **Todas as conexões elétricas devem ser realizadas por profissionais qualificados.**
- Use **equipamento de proteção pessoal** (sapatos de segurança, luvas de segurança e luvas isolantes) durante as conexões elétricas.

⚠️ **Importante:** Para desmontagem, manutenção ou qualquer intervenção elétrica no carregador, procure um **eletricista certificado ou profissional habilitado**. Não realize esse tipo de procedimento por conta própria — há risco de choque elétrico e danos ao equipamento.

Se você precisar de informações mais detalhadas sobre desmontagem, recomendo consultar o **manual de instalação/manutenção",11.96,162,
deepseek-ai/DeepSeek-V4.1-Flash,Quais são as Funcionalidades?,"Com base no documento fornecido, as funcionalidades descritas para o GoodWe ChargeGrid são:

**Modos de carregamento (3 modos):**
1. **Rápido** – modo de carregamento padrão/rápido.
2. **Prioridade de energia fotovoltaica** – somente a energia fotovoltaica é usada para carregar o veículo elétrico. As cargas têm prioridade no consumo da energia fotovoltaica, e o excedente é utilizado para carregar o veículo.
3. **Energia fotovoltaica + bateria** – a energia fotovoltaica e a bateria são utilizadas para carregar o veículo elétrico. As cargas têm prioridade no consumo da energia, e o excedente é utilizado para carregar o veículo.

**Personalização de potência:**
- Os usuários podem personalizar a potência de saída conforme suas necessidades, desde que não exceda a potência nominal.

**Controle dinâmico de carga:**
- Quando a corrente real consumida se aproxima da corrente de conexão à rede definida, o carregador reduz a potência de carregamento até pausar, para evitar o disparo do fusível principal.
- O carregador reinicia automaticamente quando a diferença entre a corrente de conexão à rede e a corrente consumida atende",6.78,173,
deepseek-ai/DeepSeek-V4.1-Flash,Como Desligar o carregador?,"Para desligar o carregador, siga as orientações do documento:

**9.1 Desligar o carregador**

⚠️ **PERIGO:** Desligue o carregador antes de realizar operações e manutenção. Caso contrário, o carregador pode ser danificado ou podem ocorrer choques elétricos.

**Procedimento:**
- Desconecte o RCBO entre o carregador e a rede/o inversor.

**Observações adicionais de segurança (do contexto):**
- Desconecte o carregador e seus interruptores upstream antes da instalação, manutenção e outras operações.
- É estritamente proibido tocar no conector de carregamento quando o carregador está ligado.

Se você precisar realizar manutenção ou desmontagem, o documento também orienta:
- Certifique-se de que o carregador esteja desligado.
- Use EPI (Equipamento de Proteção Individual) adequado antes de qualquer operação.

Para procedimentos elétricos práticos, recomendo procurar um **eletricista certificado**, pois não posso fornecer orientação prática de segurança elétrica.",28.56,132,
deepseek-ai/DeepSeek-V4.1-Flash,"Sobre a Conexão elétrica, quais são as precauções de segurança?","Com base no documento fornecido, as precauções de segurança para a **conexão elétrica** do carregador GoodWe ChargeGrid são:

**Antes e durante a conexão:**
- **Desconecte o interruptor upstream** antes de realizar a conexão elétrica. **Não trabalhe com ele ligado**, caso contrário pode ocorrer choque elétrico.
- Todas as conexões elétricas devem ser realizadas por **profissionais qualificados**.
- Use **equipamento de proteção pessoal**, como sapatos de segurança, luvas de segurança e luvas isolantes, durante as conexões elétricas.
- Use **ferramentas isolantes** e vista equipamento de proteção individual ao operar o carregador.
- Ao tocar em dispositivos eletrônicos, use luvas, roupas e pulseiras antiestáticas para proteger o carregador contra danos.

**Cuidados com os cabos:**
- **Amarre cabos do mesmo tipo** e coloque-os separados de cabos de tipos diferentes. Não coloque os cabos emaranhados ou cruzados.
- Se o cabo suportar muita tensão, a conexão pode ficar ruim. **Reserve um certo comprimento do cabo** antes de conectá-lo à porta do cabo do carregador.

**C",12.39,161,
meta-llama/Llama-3.1-8B-Instruct,Como fazer Download e Instalação do Aplicativo?,"Para fazer o download e instalação do aplicativo SolarGo, você pode seguir os métodos abaixo:

**Método 1: Pesquisar no Google Play (Android) ou na App Store (iOS)**

1. Abra o Google Play Store (se estiver usando um dispositivo Android) ou a App Store (se estiver usando um dispositivo iOS).
2. Digite ""SolarGo"" na barra de pesquisa.
3. Selecione o aplicativo SolarGo da lista de resultados.
4. Clique no botão ""Instalar"" para iniciar o download e instalação do aplicativo.

**Método 2: Digitalizar o Código QR**

1. Abra o aplicativo SolarGo no seu dispositivo.
2. Selecione o código QR fornecido no manual.
3. O aplicativo SolarGo será baixado e instalado automaticamente.

Lembre-se de que o aplicativo SolarGo é compatível com dispositivos Android 4.3 ou posterior e iOS 9.0 ou posterior. Além disso, o dispositivo deve ter acesso à Internet e ser compatível com WLAN ou Bluetooth.",8.06,144,
meta-llama/Llama-3.1-8B-Instruct,Como Desmontar o carregador?,"Não há informações específicas sobre como desmontar o carregador no documento fornecido. O documento parece focar mais nas instruções de segurança e instalação do carregador, mas não fornece detalhes sobre a desmontagem do equipamento.

Se você precisar desmontar o carregador, é recomendável consultar o manual de instruções fornecido pelo fabricante ou procurar orientação de um profissional qualificado. A desmontagem incorreta pode danificar o carregador ou colocar em risco a segurança elétrica.

Se você tiver mais informações sobre o carregador ou o contexto específico da desmontagem, posso tentar ajudar de forma mais específica.",5.24,92,
meta-llama/Llama-3.1-8B-Instruct,Quais são as Funcionalidades?,"As funcionalidades mencionadas no contexto fornecido são:

1. **Personalização da potência de saída**: os usuários podem ajustar a potência de saída conforme suas necessidades, desde que não exceda a potência nominal.
2. **Três modos de carregamento**:
 * **Rápido**: carregamento rápido sem prioridade de energia fotovoltaica.
 * **Prioridade de energia fotovoltaica**: prioriza o consumo da energia fotovoltaica, e o excedente é utilizado para carregar o veículo.
 * **Energia fotovoltaica + bateria**: utiliza a combinação de energia fotovoltaica e bateria para carregar o veículo, com prioridade no consumo da energia.
3. **Garantir potência mínima de carregamento**: quando a energia fotovoltaica ou a combinação de energia fotovoltaica + bateria for insuficiente, o carregador pode obter suporte da rede elétrica ou da bateria para manter a potência de saída desejada.
4. **Controle dinâmico de carga**: o carregador reduzirá a potência de carregamento até pausar, para evitar o disparo, quando a corrente real consumida se aproximar da corrente de conexão à rede definida.
5. **Alternância de fase**: a classificação de prote",26.0,166,
meta-llama/Llama-3.1-8B-Instruct,Como Desligar o carregador?,"Para desligar o carregador, você deve seguir as instruções abaixo:

1. Desligue o carregador antes das operações e manutenção. Caso contrário, o carregador pode ser danificado ou podem ocorrer choques elétricos.
2. Desconecte o RCBO (Residual Circuit Breaker Overcurrent) entre o carregador e a rede/inversor.

Essas instruções são importantes para evitar danos ao carregador e garantir a segurança durante as operações e manutenção.",5.09,63,
meta-llama/Llama-3.1-8B-Instruct,"Sobre a Conexão elétrica, quais são as precauções de segurança?","Segundo o manual do usuário, as precauções de segurança para a conexão elétrica são:

* Desconecte o interruptor upstream antes da conexão elétrica. Não trabalhe com ele ligado, pois pode ocorrer choque elétrico.
* Amarre cabos do mesmo tipo e coloque-os separados de cabos de tipos diferentes. Não coloque os cabos emaranhados ou cruzados.
* Se o cabo suportar muita tensão, a conexão pode ser ruim. Reserve um certo comprimento do cabo antes de conectá-lo à porta do cabo do carregador.
* Ao crimpar os terminais, certifique-se de que a parte condutora do cabo esteja em contato total com os terminais. Não crimpe o revestimento do cabo com o terminal, pois o carregador pode não operar ou seu bloco de terminais pode ser danificado devido ao aquecimento e outros fenômenos devido à conexão não confiável após a operação.

Além disso, é importante usar equipamento de proteção pessoal, como sapatos de segurança, luvas de segurança e luvas isolantes durante as conexões elétricas. Todas as conexões elétricas devem ser realizadas por profissionais qualificados.",17.6,171,
